/home/shabivps/source/repo/clang-learning/generated-programs/0.c,0.c,0,1,0,21,0,35,15,4,83,0,1,2,24,0,0,0,0,0,1282,19,3
/home/shabivps/source/repo/clang-learning/generated-programs/1.c,1.c,1,3,0,98,0,306,69,18,640,0,5,4,171,0,0,0,0,0,2736,25,3
/home/shabivps/source/repo/clang-learning/generated-programs/2.c,2.c,2,0,0,24,0,1,21,0,14,0,0,0,0,0,0,0,0,0,1785,14,3
/home/shabivps/source/repo/clang-learning/generated-programs/3.c,3.c,3,2,0,30,0,53,25,2,149,0,1,1,125,0,0,0,0,0,2065,19,3
/home/shabivps/source/repo/clang-learning/generated-programs/4.c,4.c,4,0,3,51,0,185,29,0,98,0,0,2,40,0,0,0,0,0,2336,17,3
/home/shabivps/source/repo/clang-learning/generated-programs/5.c,5.c,5,0,0,0,0,1,1,0,3,0,0,0,0,0,0,0,0,0,97,11,3
/home/shabivps/source/repo/clang-learning/generated-programs/6.c,6.c,6,0,0,0,0,1,1,0,3,0,0,0,0,0,0,0,0,0,96,11,3
/home/shabivps/source/repo/clang-learning/generated-programs/7.c,7.c,7,0,0,17,0,1,20,0,13,0,2,0,0,0,0,0,0,0,1618,13,3
/home/shabivps/source/repo/clang-learning/generated-programs/8.c,8.c,8,1,0,34,0,20,29,3,25,0,1,0,30,0,0,0,0,0,1889,19,3
/home/shabivps/source/repo/clang-learning/generated-programs/9.c,9.c,9,0,0,0,0,1,1,0,3,0,0,0,0,0,0,0,0,0,130,11,3
/home/shabivps/source/repo/clang-learning/generated-programs/10.c,10.c,10,0,1,36,0,78,23,0,116,0,0,1,7,0,0,0,0,0,1796,17,3
/home/shabivps/source/repo/clang-learning/generated-programs/11.c,11.c,11,0,2,24,0,8,25,2,27,0,2,1,3,0,0,0,0,0,1648,18,3
/home/shabivps/source/repo/clang-learning/generated-programs/12.c,12.c,12,0,1,36,0,14,45,0,34,0,3,1,25,0,0,0,0,0,2385,17,3
/home/shabivps/source/repo/clang-learning/generated-programs/13.c,13.c,13,1,1,34,0,346,31,6,131,0,0,2,60,0,0,0,0,0,1688,17,3
/home/shabivps/source/repo/clang-learning/generated-programs/14.c,14.c,14,0,0,0,0,1,1,0,3,0,0,0,0,0,0,0,0,0,100,11,3
/home/shabivps/source/repo/clang-learning/generated-programs/15.c,15.c,15,1,0,11,0,23,10,0,148,0,1,4,16,0,0,0,0,0,1529,15,3
/home/shabivps/source/repo/clang-learning/generated-programs/16.c,16.c,16,2,0,44,0,173,19,5,300,0,0,5,51,0,0,0,0,0,1887,19,3
/home/shabivps/source/repo/clang-learning/generated-programs/17.c,17.c,17,0,1,17,0,10,15,0,82,0,1,3,3,0,0,0,0,0,1532,13,3
/home/shabivps/source/repo/clang-learning/generated-programs/18.c,18.c,18,0,0,1,0,1,2,0,4,0,0,0,0,0,0,0,0,0,133,11,3
/home/shabivps/source/repo/clang-learning/generated-programs/19.c,19.c,19,0,0,0,0,1,1,0,3,0,0,0,0,0,0,0,0,0,97,11,3
/home/shabivps/source/repo/clang-learning/generated-programs/20.c,20.c,20,0,0,32,0,1,43,0,18,0,3,0,0,0,0,0,0,0,2863,14,3
/home/shabivps/source/repo/clang-learning/generated-programs/21.c,21.c,21,5,0,47,0,449,25,1,594,0,0,7,6,0,0,0,0,0,1361,19,3
/home/shabivps/source/repo/clang-learning/generated-programs/22.c,22.c,22,0,0,20,0,1,18,0,12,0,1,0,0,0,0,0,0,0,1182,13,3
/home/shabivps/source/repo/clang-learning/generated-programs/23.c,23.c,23,1,0,10,0,1,7,0,10,0,0,0,1,0,0,0,0,0,1106,13,3
/home/shabivps/source/repo/clang-learning/generated-programs/24.c,24.c,24,0,0,1,0,1,2,0,4,0,0,0,0,0,0,0,0,0,124,11,3
/home/shabivps/source/repo/clang-learning/generated-programs/25.c,25.c,25,3,1,44,0,395,31,4,256,0,4,11,65,0,0,0,0,0,1776,18,3
/home/shabivps/source/repo/clang-learning/generated-programs/26.c,26.c,26,1,0,87,0,521,86,6,416,0,7,3,127,0,0,0,0,0,3464,21,3
/home/shabivps/source/repo/clang-learning/generated-programs/27.c,27.c,27,2,0,40,0,60,29,0,165,0,1,1,10,0,0,0,0,0,1865,19,3
/home/shabivps/source/repo/clang-learning/generated-programs/28.c,28.c,28,3,0,22,0,64,16,1,107,0,1,3,77,0,0,0,0,0,1240,17,3
/home/shabivps/source/repo/clang-learning/generated-programs/29.c,29.c,29,0,1,27,0,42,15,1,31,0,0,1,28,0,0,0,0,0,1124,13,3
/home/shabivps/source/repo/clang-learning/generated-programs/30.c,30.c,30,0,5,104,0,292,60,2,295,0,1,9,119,0,0,0,0,0,3035,17,3
/home/shabivps/source/repo/clang-learning/generated-programs/31.c,31.c,31,0,0,22,0,1,18,0,14,0,1,0,0,0,0,0,0,0,1469,13,3
/home/shabivps/source/repo/clang-learning/generated-programs/32.c,32.c,32,1,1,62,0,178,41,2,131,0,1,4,106,0,0,0,0,0,2365,18,3
/home/shabivps/source/repo/clang-learning/generated-programs/33.c,33.c,33,0,0,28,0,1,19,0,15,0,1,0,0,0,0,0,0,0,1253,13,3
/home/shabivps/source/repo/clang-learning/generated-programs/34.c,34.c,34,0,2,25,0,20,19,3,24,0,0,0,28,0,0,0,0,0,1254,15,3
/home/shabivps/source/repo/clang-learning/generated-programs/35.c,35.c,35,3,0,104,0,282,62,13,923,0,4,5,97,0,0,0,0,0,2847,19,3
/home/shabivps/source/repo/clang-learning/generated-programs/36.c,36.c,36,0,0,29,0,1,25,0,12,0,0,0,0,0,0,0,0,0,2394,13,3
/home/shabivps/source/repo/clang-learning/generated-programs/37.c,37.c,37,0,1,33,0,9,23,0,28,0,0,0,77,0,0,0,0,0,1795,13,3
/home/shabivps/source/repo/clang-learning/generated-programs/38.c,38.c,38,0,1,20,0,140,18,1,18,0,0,0,48,0,0,0,0,0,1293,14,3
/home/shabivps/source/repo/clang-learning/generated-programs/39.c,39.c,39,1,0,48,0,56,43,4,187,0,4,2,87,0,0,0,0,0,2070,19,3
/home/shabivps/source/repo/clang-learning/generated-programs/40.c,40.c,40,0,0,34,0,1,19,0,19,0,1,0,0,0,0,0,0,0,1759,13,3
/home/shabivps/source/repo/clang-learning/generated-programs/41.c,41.c,41,0,0,2,0,1,2,0,4,0,0,0,0,0,0,0,0,0,157,11,3
/home/shabivps/source/repo/clang-learning/generated-programs/42.c,42.c,42,1,0,36,0,76,28,1,176,0,1,2,3,0,0,0,0,0,1489,19,3
/home/shabivps/source/repo/clang-learning/generated-programs/43.c,43.c,43,1,0,29,0,56,25,0,162,0,3,2,33,0,0,0,0,0,1709,15,3
/home/shabivps/source/repo/clang-learning/generated-programs/44.c,44.c,44,0,0,14,0,1,22,0,12,0,2,0,0,0,0,0,0,0,1734,13,3
/home/shabivps/source/repo/clang-learning/generated-programs/45.c,45.c,45,0,1,59,0,575,41,3,230,0,0,1,16,0,0,0,0,0,2317,21,3
/home/shabivps/source/repo/clang-learning/generated-programs/46.c,46.c,46,0,0,0,0,1,1,0,3,0,0,0,0,0,0,0,0,0,138,11,3
/home/shabivps/source/repo/clang-learning/generated-programs/47.c,47.c,47,0,3,38,0,33,33,3,47,0,2,2,61,0,0,0,0,0,1715,18,3
/home/shabivps/source/repo/clang-learning/generated-programs/48.c,48.c,48,0,4,48,0,36,40,11,65,0,3,2,85,0,0,0,0,0,2530,17,3
/home/shabivps/source/repo/clang-learning/generated-programs/49.c,49.c,49,1,1,53,0,61,32,3,131,0,2,3,29,0,0,0,0,0,2108,19,3
/home/shabivps/source/repo/clang-learning/generated-programs/50.c,50.c,50,0,1,31,0,5,27,2,21,0,2,0,3,0,0,0,0,0,1540,17,3
/home/shabivps/source/repo/clang-learning/generated-programs/51.c,51.c,51,1,0,23,0,143,23,8,22,0,0,0,69,0,0,0,0,0,2143,18,3
/home/shabivps/source/repo/clang-learning/generated-programs/52.c,52.c,52,0,0,21,0,1,23,0,13,0,2,0,0,0,0,0,0,0,1477,13,3
/home/shabivps/source/repo/clang-learning/generated-programs/53.c,53.c,53,1,3,62,0,353,49,3,288,0,4,6,96,0,0,0,0,0,3019,19,3
/home/shabivps/source/repo/clang-learning/generated-programs/54.c,54.c,54,0,2,21,0,22,11,0,32,0,0,2,56,0,0,0,0,0,1009,19,3
/home/shabivps/source/repo/clang-learning/generated-programs/55.c,55.c,55,3,2,77,0,362,58,9,410,0,6,10,244,0,0,0,0,0,3003,21,3
/home/shabivps/source/repo/clang-learning/generated-programs/56.c,56.c,56,1,1,39,0,262,20,1,248,0,0,1,179,0,0,0,0,0,1352,18,3
/home/shabivps/source/repo/clang-learning/generated-programs/57.c,57.c,57,0,0,26,0,1,16,0,18,0,0,0,0,0,0,0,0,0,1557,13,3
/home/shabivps/source/repo/clang-learning/generated-programs/58.c,58.c,58,0,0,35,0,1,25,0,18,0,3,0,0,0,0,0,0,0,1561,13,3
/home/shabivps/source/repo/clang-learning/generated-programs/59.c,59.c,59,6,0,98,0,457,55,5,963,0,0,12,199,0,0,0,0,0,3285,19,3
/home/shabivps/source/repo/clang-learning/generated-programs/60.c,60.c,60,0,0,13,0,1,27,0,11,0,3,0,0,0,0,0,0,0,2191,14,3
/home/shabivps/source/repo/clang-learning/generated-programs/61.c,61.c,61,0,0,1,0,1,2,0,4,0,0,0,0,0,0,0,0,0,119,11,3
/home/shabivps/source/repo/clang-learning/generated-programs/62.c,62.c,62,0,1,58,0,102,51,4,154,0,3,3,121,0,0,0,0,0,2457,21,3
/home/shabivps/source/repo/clang-learning/generated-programs/63.c,63.c,63,4,0,86,0,353,48,14,913,0,0,6,39,0,0,0,0,0,2305,21,3
/home/shabivps/source/repo/clang-learning/generated-programs/64.c,64.c,64,0,1,37,0,240,39,0,24,0,2,0,39,0,0,0,0,0,2905,18,3
/home/shabivps/source/repo/clang-learning/generated-programs/65.c,65.c,65,0,0,0,0,1,2,0,3,0,1,0,0,0,0,0,0,0,134,11,3
/home/shabivps/source/repo/clang-learning/generated-programs/66.c,66.c,66,2,1,31,0,286,24,1,370,0,0,5,41,0,0,0,0,0,2057,17,3
/home/shabivps/source/repo/clang-learning/generated-programs/67.c,67.c,67,0,0,29,0,1,19,0,16,0,0,0,0,0,0,0,0,0,1114,13,3
/home/shabivps/source/repo/clang-learning/generated-programs/68.c,68.c,68,1,1,50,0,344,54,10,132,0,3,3,157,0,0,0,0,0,2346,26,3
/home/shabivps/source/repo/clang-learning/generated-programs/69.c,69.c,69,0,0,0,0,1,1,0,3,0,0,0,0,0,0,0,0,0,97,11,3
/home/shabivps/source/repo/clang-learning/generated-programs/70.c,70.c,70,0,0,22,0,1,19,0,11,0,1,0,0,0,0,0,0,0,1442,15,3
/home/shabivps/source/repo/clang-learning/generated-programs/71.c,71.c,71,1,0,53,0,237,59,4,384,0,4,5,47,0,0,0,0,0,4244,19,3
/home/shabivps/source/repo/clang-learning/generated-programs/72.c,72.c,72,0,0,6,0,1,8,0,7,0,0,0,0,0,0,0,0,0,1167,11,3
/home/shabivps/source/repo/clang-learning/generated-programs/73.c,73.c,73,1,4,26,0,54,20,3,78,0,1,4,90,0,0,0,0,0,1335,17,3
/home/shabivps/source/repo/clang-learning/generated-programs/74.c,74.c,74,0,2,18,0,69,23,2,35,0,0,1,129,0,0,0,0,0,2488,23,3
/home/shabivps/source/repo/clang-learning/generated-programs/75.c,75.c,75,0,0,23,0,1,13,0,12,0,1,0,0,0,0,0,0,0,1067,13,3
/home/shabivps/source/repo/clang-learning/generated-programs/76.c,76.c,76,1,2,52,0,137,47,5,565,0,2,5,95,0,0,0,0,0,2541,20,3
/home/shabivps/source/repo/clang-learning/generated-programs/77.c,77.c,77,4,0,57,0,172,44,1,241,0,1,4,14,0,0,0,0,0,2374,21,3
/home/shabivps/source/repo/clang-learning/generated-programs/78.c,78.c,78,1,1,26,0,30,28,0,95,0,1,3,3,0,0,0,0,0,2128,14,3
/home/shabivps/source/repo/clang-learning/generated-programs/79.c,79.c,79,1,4,35,0,702,22,2,165,0,0,7,114,0,0,0,0,0,1732,18,3
/home/shabivps/source/repo/clang-learning/generated-programs/80.c,80.c,80,0,7,45,0,532,24,3,117,0,0,7,37,0,0,0,0,0,1854,17,3
/home/shabivps/source/repo/clang-learning/generated-programs/81.c,81.c,81,1,0,15,0,27,14,0,45,0,1,2,1,0,0,0,0,0,947,19,3
/home/shabivps/source/repo/clang-learning/generated-programs/82.c,82.c,82,1,0,63,0,197,63,0,489,0,6,5,17,0,0,0,0,0,3848,19,3
/home/shabivps/source/repo/clang-learning/generated-programs/83.c,83.c,83,0,0,32,0,1,30,0,18,0,2,0,0,0,0,0,0,0,2079,14,3
/home/shabivps/source/repo/clang-learning/generated-programs/84.c,84.c,84,0,0,0,0,1,1,0,3,0,0,0,0,0,0,0,0,0,97,11,3
/home/shabivps/source/repo/clang-learning/generated-programs/85.c,85.c,85,0,0,3,0,1,2,0,4,0,0,0,0,0,0,0,0,0,135,13,3
/home/shabivps/source/repo/clang-learning/generated-programs/86.c,86.c,86,0,5,39,0,118,22,1,192,0,0,5,93,0,0,0,0,0,2152,18,3
/home/shabivps/source/repo/clang-learning/generated-programs/87.c,87.c,87,1,0,20,0,6,15,0,68,0,0,2,0,0,0,0,0,0,1922,11,3
/home/shabivps/source/repo/clang-learning/generated-programs/88.c,88.c,88,0,0,1,0,1,2,0,4,0,0,0,0,0,0,0,0,0,130,11,3
/home/shabivps/source/repo/clang-learning/generated-programs/89.c,89.c,89,0,0,0,0,1,1,0,3,0,0,0,0,0,0,0,0,0,100,11,3
/home/shabivps/source/repo/clang-learning/generated-programs/90.c,90.c,90,1,2,28,0,58,17,3,173,0,0,5,27,0,0,0,0,0,1157,18,3
/home/shabivps/source/repo/clang-learning/generated-programs/91.c,91.c,91,0,0,0,0,1,1,0,3,0,0,0,0,0,0,0,0,0,97,11,3
/home/shabivps/source/repo/clang-learning/generated-programs/92.c,92.c,92,7,1,98,0,655,68,22,1604,0,4,17,106,0,0,0,0,0,3974,21,3
/home/shabivps/source/repo/clang-learning/generated-programs/93.c,93.c,93,0,1,10,0,1,8,0,10,0,0,1,0,0,0,0,0,0,1088,11,3
/home/shabivps/source/repo/clang-learning/generated-programs/94.c,94.c,94,1,2,27,0,113,27,1,49,0,1,2,115,0,0,0,0,0,2080,19,3
/home/shabivps/source/repo/clang-learning/generated-programs/95.c,95.c,95,0,2,77,0,784,54,5,337,0,2,3,160,0,0,0,0,0,2290,19,3
/home/shabivps/source/repo/clang-learning/generated-programs/96.c,96.c,96,0,1,61,0,233,49,2,200,0,2,2,134,0,0,0,0,0,3202,19,3
/home/shabivps/source/repo/clang-learning/generated-programs/97.c,97.c,97,0,4,69,0,198,52,6,283,0,4,3,90,0,0,0,0,0,2200,19,3
/home/shabivps/source/repo/clang-learning/generated-programs/98.c,98.c,98,1,0,29,0,521,23,3,119,0,1,1,116,0,0,0,0,0,2167,19,3
/home/shabivps/source/repo/clang-learning/generated-programs/99.c,99.c,99,0,0,0,0,1,1,0,3,0,0,0,0,0,0,0,0,0,97,11,3
/home/shabivps/source/repo/clang-learning/generated-programs/100.c,100.c,100,1,0,46,0,225,42,3,328,0,5,4,57,0,0,0,0,0,1572,18,3
/home/shabivps/source/repo/clang-learning/generated-programs/101.c,101.c,101,0,0,0,0,1,1,0,3,0,0,0,0,0,0,0,0,0,97,11,3
/home/shabivps/source/repo/clang-learning/generated-programs/102.c,102.c,102,0,2,17,0,37,11,0,21,0,1,1,35,0,0,0,0,0,668,15,3
/home/shabivps/source/repo/clang-learning/generated-programs/103.c,103.c,103,0,0,0,0,1,1,0,3,0,0,0,0,0,0,0,0,0,122,11,3
/home/shabivps/source/repo/clang-learning/generated-programs/104.c,104.c,104,3,0,77,0,337,80,16,386,0,8,7,47,0,0,0,0,0,2748,25,3
/home/shabivps/source/repo/clang-learning/generated-programs/105.c,105.c,105,0,0,1,0,1,2,0,4,0,0,0,0,0,0,0,0,0,103,11,3
/home/shabivps/source/repo/clang-learning/generated-programs/106.c,106.c,106,1,0,1,0,3,2,0,6,0,0,1,0,0,0,0,0,0,148,11,3
/home/shabivps/source/repo/clang-learning/generated-programs/107.c,107.c,107,4,2,37,0,238,34,8,210,0,0,10,64,0,0,0,0,0,2162,19,3
/home/shabivps/source/repo/clang-learning/generated-programs/108.c,108.c,108,0,0,11,0,1,11,0,10,0,0,0,0,0,0,0,0,0,999,13,3
/home/shabivps/source/repo/clang-learning/generated-programs/109.c,109.c,109,2,0,0,0,1,1,0,17,0,0,3,0,0,0,0,0,0,133,11,3
/home/shabivps/source/repo/clang-learning/generated-programs/110.c,110.c,110,2,0,23,0,57,17,1,92,0,0,7,64,0,0,0,0,0,1133,15,3
/home/shabivps/source/repo/clang-learning/generated-programs/111.c,111.c,111,0,1,43,0,48,32,0,159,0,1,1,3,0,0,0,0,0,2115,19,3
/home/shabivps/source/repo/clang-learning/generated-programs/112.c,112.c,112,0,1,20,0,3,18,0,22,0,0,1,4,0,0,0,0,0,1445,13,3
/home/shabivps/source/repo/clang-learning/generated-programs/113.c,113.c,113,2,0,28,0,74,24,1,136,0,2,2,39,0,0,0,0,0,1289,17,3
/home/shabivps/source/repo/clang-learning/generated-programs/114.c,114.c,114,2,2,33,0,90,21,3,291,0,1,6,56,0,0,0,0,0,1513,19,3
/home/shabivps/source/repo/clang-learning/generated-programs/115.c,115.c,115,1,1,17,0,48,29,12,50,0,2,3,56,0,0,0,0,0,2080,20,3
/home/shabivps/source/repo/clang-learning/generated-programs/116.c,116.c,116,4,4,44,0,109,38,9,214,0,3,12,86,0,0,0,0,0,2344,22,3
/home/shabivps/source/repo/clang-learning/generated-programs/117.c,117.c,117,0,2,40,0,291,38,5,80,0,3,1,172,0,0,0,0,0,2572,17,3
/home/shabivps/source/repo/clang-learning/generated-programs/118.c,118.c,118,3,0,15,0,40,12,4,72,0,0,5,26,0,0,0,0,0,980,19,3
/home/shabivps/source/repo/clang-learning/generated-programs/119.c,119.c,119,4,1,32,0,111,18,7,212,0,0,8,18,0,0,0,0,0,1500,23,3
/home/shabivps/source/repo/clang-learning/generated-programs/120.c,120.c,120,0,0,30,0,1,22,0,15,0,1,0,0,0,0,0,0,0,2682,13,3
/home/shabivps/source/repo/clang-learning/generated-programs/121.c,121.c,121,3,0,72,0,477,55,5,787,0,2,8,105,0,0,0,0,0,2455,19,3
/home/shabivps/source/repo/clang-learning/generated-programs/122.c,122.c,122,5,1,36,0,271,25,0,600,0,2,11,116,0,0,0,0,0,2287,18,3
/home/shabivps/source/repo/clang-learning/generated-programs/123.c,123.c,123,2,0,29,0,513,31,5,97,0,4,4,45,0,0,0,0,0,1932,19,3
/home/shabivps/source/repo/clang-learning/generated-programs/124.c,124.c,124,0,1,0,0,1,1,0,5,0,0,0,0,0,0,0,0,0,107,11,3
/home/shabivps/source/repo/clang-learning/generated-programs/125.c,125.c,125,0,0,0,0,1,1,0,3,0,0,0,0,0,0,0,0,0,126,11,3
/home/shabivps/source/repo/clang-learning/generated-programs/126.c,126.c,126,0,0,0,0,1,1,0,3,0,0,0,0,0,0,0,0,0,124,11,3
/home/shabivps/source/repo/clang-learning/generated-programs/127.c,127.c,127,1,1,32,0,79,36,1,175,0,4,5,39,0,0,0,0,0,2109,18,3
/home/shabivps/source/repo/clang-learning/generated-programs/128.c,128.c,128,3,1,56,0,478,38,2,804,0,1,6,255,0,0,0,0,0,2782,20,3
/home/shabivps/source/repo/clang-learning/generated-programs/129.c,129.c,129,0,1,55,0,6,46,0,30,0,0,1,9,0,0,0,0,0,2655,15,3
/home/shabivps/source/repo/clang-learning/generated-programs/130.c,130.c,130,0,2,24,0,696,12,1,40,0,0,1,42,0,0,0,0,0,781,17,3
/home/shabivps/source/repo/clang-learning/generated-programs/131.c,131.c,131,0,1,37,0,10,23,0,23,0,1,0,0,0,0,0,0,0,1396,13,3
/home/shabivps/source/repo/clang-learning/generated-programs/132.c,132.c,132,0,0,28,0,1,41,0,18,0,1,0,0,0,0,0,0,0,2999,14,3
/home/shabivps/source/repo/clang-learning/generated-programs/133.c,133.c,133,0,1,66,0,24,43,0,79,0,1,1,19,0,0,0,0,0,2251,17,3
/home/shabivps/source/repo/clang-learning/generated-programs/134.c,134.c,134,1,0,29,0,52,21,0,182,0,1,2,33,0,0,0,0,0,1468,19,3
/home/shabivps/source/repo/clang-learning/generated-programs/135.c,135.c,135,2,1,101,0,764,61,3,1866,0,1,9,269,0,0,0,0,0,4426,19,3
/home/shabivps/source/repo/clang-learning/generated-programs/136.c,136.c,136,2,0,30,0,27,23,2,73,0,0,5,29,0,0,0,0,0,1396,19,3
/home/shabivps/source/repo/clang-learning/generated-programs/137.c,137.c,137,2,0,27,0,497,20,0,201,0,0,5,83,0,0,0,0,0,1129,19,3
/home/shabivps/source/repo/clang-learning/generated-programs/138.c,138.c,138,0,5,28,0,64,24,0,99,0,0,4,74,0,0,0,0,0,1654,16,3
/home/shabivps/source/repo/clang-learning/generated-programs/139.c,139.c,139,0,1,44,0,65,43,8,155,0,1,2,7,0,0,0,0,0,2596,19,3
/home/shabivps/source/repo/clang-learning/generated-programs/140.c,140.c,140,0,2,37,0,90,30,0,86,0,0,3,69,0,0,0,0,0,1937,17,3
/home/shabivps/source/repo/clang-learning/generated-programs/141.c,141.c,141,0,0,22,0,1,20,0,12,0,1,0,0,0,0,0,0,0,1377,13,3
/home/shabivps/source/repo/clang-learning/generated-programs/142.c,142.c,142,0,1,33,0,4,40,1,18,0,4,0,51,0,0,0,0,0,2390,15,3
/home/shabivps/source/repo/clang-learning/generated-programs/143.c,143.c,143,0,4,20,0,8,14,3,34,0,0,4,23,0,0,0,0,0,1062,13,3
/home/shabivps/source/repo/clang-learning/generated-programs/144.c,144.c,144,0,0,0,0,1,1,0,3,0,0,0,0,0,0,0,0,0,121,11,3
/home/shabivps/source/repo/clang-learning/generated-programs/145.c,145.c,145,0,0,2,0,1,2,0,4,0,0,0,0,0,0,0,0,0,118,11,3
/home/shabivps/source/repo/clang-learning/generated-programs/146.c,146.c,146,2,0,26,0,123,31,0,70,0,3,2,3,0,0,0,0,0,1872,19,3
/home/shabivps/source/repo/clang-learning/generated-programs/147.c,147.c,147,0,2,51,0,178,32,0,131,0,1,2,38,0,0,0,0,0,2262,17,3
/home/shabivps/source/repo/clang-learning/generated-programs/148.c,148.c,148,0,4,34,0,32,19,1,61,0,0,2,2,0,0,0,0,0,1037,17,3
/home/shabivps/source/repo/clang-learning/generated-programs/149.c,149.c,149,1,1,0,0,1,1,0,5,0,0,5,0,0,0,0,0,0,134,11,3
/home/shabivps/source/repo/clang-learning/generated-programs/150.c,150.c,150,0,2,54,0,20,48,3,44,0,2,1,26,0,0,0,0,0,2293,17,3
/home/shabivps/source/repo/clang-learning/generated-programs/151.c,151.c,151,0,3,46,0,831,36,7,91,0,2,7,301,0,0,0,0,0,1909,17,3
/home/shabivps/source/repo/clang-learning/generated-programs/152.c,152.c,152,0,0,28,0,1,35,0,15,0,5,0,0,0,0,0,0,0,2227,14,3
/home/shabivps/source/repo/clang-learning/generated-programs/153.c,153.c,153,1,0,61,0,152,52,12,543,0,2,3,8,0,0,0,0,0,3147,20,3
/home/shabivps/source/repo/clang-learning/generated-programs/154.c,154.c,154,2,0,43,0,149,31,3,306,0,4,4,50,0,0,0,0,0,1797,19,3
/home/shabivps/source/repo/clang-learning/generated-programs/155.c,155.c,155,2,2,23,0,40,29,7,138,0,2,2,122,0,0,0,0,0,1790,18,3
/home/shabivps/source/repo/clang-learning/generated-programs/156.c,156.c,156,0,2,33,0,29,20,2,97,0,0,1,10,0,0,0,0,0,1343,17,3
/home/shabivps/source/repo/clang-learning/generated-programs/157.c,157.c,157,0,0,0,0,1,1,0,3,0,0,0,0,0,0,0,0,0,98,11,3
/home/shabivps/source/repo/clang-learning/generated-programs/158.c,158.c,158,1,0,8,0,15,6,0,12,0,0,0,0,0,0,0,0,0,512,13,3
/home/shabivps/source/repo/clang-learning/generated-programs/159.c,159.c,159,0,1,20,0,23,16,2,101,0,0,1,26,0,0,0,0,0,1332,13,3
/home/shabivps/source/repo/clang-learning/generated-programs/160.c,160.c,160,6,0,70,0,246,55,9,1073,0,1,8,159,0,0,0,0,0,3512,20,3
/home/shabivps/source/repo/clang-learning/generated-programs/161.c,161.c,161,1,3,78,0,133,43,1,336,0,0,4,160,0,0,0,0,0,2089,18,3
/home/shabivps/source/repo/clang-learning/generated-programs/162.c,162.c,162,1,2,28,0,38,18,3,68,0,1,4,4,0,0,0,0,0,1320,18,3
/home/shabivps/source/repo/clang-learning/generated-programs/163.c,163.c,163,1,1,43,0,67,34,0,327,0,1,5,13,0,0,0,0,0,2371,17,3
/home/shabivps/source/repo/clang-learning/generated-programs/164.c,164.c,164,1,3,66,0,94,51,9,240,0,3,5,40,0,0,0,0,0,2241,19,3
/home/shabivps/source/repo/clang-learning/generated-programs/165.c,165.c,165,0,0,1,0,1,2,0,4,0,0,0,0,0,0,0,0,0,125,11,3
/home/shabivps/source/repo/clang-learning/generated-programs/166.c,166.c,166,0,0,0,0,1,1,0,3,0,0,0,0,0,0,0,0,0,96,11,3
/home/shabivps/source/repo/clang-learning/generated-programs/167.c,167.c,167,1,1,20,0,106,19,3,52,0,1,2,101,0,0,0,0,0,1528,16,3
/home/shabivps/source/repo/clang-learning/generated-programs/168.c,168.c,168,0,0,25,0,1,16,0,15,0,1,0,0,0,0,0,0,0,1433,13,3
/home/shabivps/source/repo/clang-learning/generated-programs/169.c,169.c,169,2,1,8,0,13,8,5,18,0,0,0,4,0,0,0,0,0,1321,13,3
/home/shabivps/source/repo/clang-learning/generated-programs/170.c,170.c,170,1,0,15,0,26,18,0,74,0,2,2,0,0,0,0,0,0,1566,19,3
/home/shabivps/source/repo/clang-learning/generated-programs/171.c,171.c,171,0,1,20,0,19,25,0,27,0,3,0,10,0,0,0,0,0,1641,16,3
/home/shabivps/source/repo/clang-learning/generated-programs/172.c,172.c,172,0,0,0,0,1,1,0,3,0,0,0,0,0,0,0,0,0,98,11,3
/home/shabivps/source/repo/clang-learning/generated-programs/173.c,173.c,173,0,0,22,0,1,28,0,17,0,2,0,0,0,0,0,0,0,2266,14,3
/home/shabivps/source/repo/clang-learning/generated-programs/174.c,174.c,174,2,0,76,0,1298,95,11,516,0,8,7,452,0,0,0,0,0,3503,23,3
/home/shabivps/source/repo/clang-learning/generated-programs/175.c,175.c,175,0,7,86,0,401,52,2,599,0,0,8,87,0,0,0,0,0,2288,19,3
/home/shabivps/source/repo/clang-learning/generated-programs/176.c,176.c,176,0,0,35,0,1,67,0,20,0,7,0,0,0,0,0,0,0,4059,15,3
/home/shabivps/source/repo/clang-learning/generated-programs/177.c,177.c,177,2,4,29,0,85,22,7,93,0,0,3,25,0,0,0,0,0,1655,17,3
/home/shabivps/source/repo/clang-learning/generated-programs/178.c,178.c,178,1,0,48,0,25,30,0,70,0,1,0,132,0,0,0,0,0,1631,17,3
/home/shabivps/source/repo/clang-learning/generated-programs/179.c,179.c,179,0,2,79,0,152,55,4,129,0,3,2,94,0,0,0,0,0,2504,22,3
/home/shabivps/source/repo/clang-learning/generated-programs/180.c,180.c,180,0,2,46,0,86,38,5,135,0,4,1,73,0,0,0,0,0,2035,17,3
/home/shabivps/source/repo/clang-learning/generated-programs/181.c,181.c,181,0,3,36,0,49,29,2,153,0,1,7,27,0,0,0,0,0,1693,18,3
/home/shabivps/source/repo/clang-learning/generated-programs/182.c,182.c,182,0,0,0,0,1,1,0,3,0,0,0,0,0,0,0,0,0,103,11,3
/home/shabivps/source/repo/clang-learning/generated-programs/183.c,183.c,183,0,0,48,0,1,39,0,29,0,2,0,0,0,0,0,0,0,1904,13,3
/home/shabivps/source/repo/clang-learning/generated-programs/184.c,184.c,184,0,0,1,0,1,2,0,4,0,0,0,0,0,0,0,0,0,131,11,3
/home/shabivps/source/repo/clang-learning/generated-programs/185.c,185.c,185,3,0,20,0,20,19,3,118,0,2,3,23,0,0,0,0,0,1235,13,3
/home/shabivps/source/repo/clang-learning/generated-programs/186.c,186.c,186,1,0,0,0,1,1,0,7,0,0,1,0,0,0,0,0,0,108,11,3
/home/shabivps/source/repo/clang-learning/generated-programs/187.c,187.c,187,1,11,45,0,116,25,7,239,0,1,16,72,0,0,0,0,0,1545,19,3
/home/shabivps/source/repo/clang-learning/generated-programs/188.c,188.c,188,1,0,23,0,43,17,1,53,0,1,1,61,0,0,0,0,0,1292,17,3
/home/shabivps/source/repo/clang-learning/generated-programs/189.c,189.c,189,2,1,104,0,561,68,7,712,0,4,8,102,0,0,0,0,0,3266,22,3
/home/shabivps/source/repo/clang-learning/generated-programs/190.c,190.c,190,0,0,16,0,1,35,0,9,0,3,0,0,0,0,0,0,0,2045,15,3
/home/shabivps/source/repo/clang-learning/generated-programs/191.c,191.c,191,2,0,41,0,258,33,2,481,0,0,5,20,0,0,0,0,0,2219,19,3
/home/shabivps/source/repo/clang-learning/generated-programs/192.c,192.c,192,2,3,79,0,1119,55,5,553,0,0,8,272,0,0,0,0,0,2784,25,3
/home/shabivps/source/repo/clang-learning/generated-programs/193.c,193.c,193,2,1,30,0,107,17,3,368,0,2,7,80,0,0,0,0,0,1446,19,3
/home/shabivps/source/repo/clang-learning/generated-programs/194.c,194.c,194,2,4,34,0,362,30,8,507,0,1,9,248,0,0,0,0,0,2115,19,3
/home/shabivps/source/repo/clang-learning/generated-programs/195.c,195.c,195,1,0,65,0,689,60,1,279,0,1,3,14,0,0,0,0,0,2546,18,3
/home/shabivps/source/repo/clang-learning/generated-programs/196.c,196.c,196,0,1,52,0,24,48,1,47,0,4,1,6,0,0,0,0,0,2279,18,3
/home/shabivps/source/repo/clang-learning/generated-programs/197.c,197.c,197,0,6,40,0,262,25,3,56,0,0,6,179,0,0,0,0,0,2445,17,3
/home/shabivps/source/repo/clang-learning/generated-programs/198.c,198.c,198,1,1,27,0,17,25,4,23,0,1,0,40,0,0,0,0,0,2236,15,3
/home/shabivps/source/repo/clang-learning/generated-programs/199.c,199.c,199,1,1,29,0,28,31,5,137,0,3,2,150,0,0,0,0,0,1593,18,3
/home/shabivps/source/repo/clang-learning/generated-programs/200.c,200.c,200,0,1,0,0,1,1,0,5,0,0,1,0,0,0,0,0,0,102,11,3
/home/shabivps/source/repo/clang-learning/generated-programs/201.c,201.c,201,0,0,0,0,1,1,0,3,0,0,0,0,0,0,0,0,0,98,11,3
/home/shabivps/source/repo/clang-learning/generated-programs/202.c,202.c,202,0,0,13,0,1,18,0,9,0,1,0,0,0,0,0,0,0,1670,14,3
/home/shabivps/source/repo/clang-learning/generated-programs/203.c,203.c,203,0,0,22,0,1,23,0,13,0,1,0,0,0,0,0,0,0,1676,13,3
/home/shabivps/source/repo/clang-learning/generated-programs/204.c,204.c,204,5,2,47,0,219,28,4,231,0,3,12,85,0,0,0,0,0,1856,20,3
/home/shabivps/source/repo/clang-learning/generated-programs/205.c,205.c,205,0,2,25,0,31,12,0,52,0,0,1,1,0,0,0,0,0,751,17,3
/home/shabivps/source/repo/clang-learning/generated-programs/206.c,206.c,206,0,0,0,0,1,1,0,3,0,0,0,0,0,0,0,0,0,99,11,3
/home/shabivps/source/repo/clang-learning/generated-programs/207.c,207.c,207,4,0,60,0,433,51,7,1261,0,3,10,117,0,0,0,0,0,3132,19,3
/home/shabivps/source/repo/clang-learning/generated-programs/208.c,208.c,208,1,0,37,0,87,21,1,76,0,0,1,45,0,0,0,0,0,1302,19,3
/home/shabivps/source/repo/clang-learning/generated-programs/209.c,209.c,209,2,0,68,0,216,42,4,564,0,2,4,97,0,0,0,0,0,2232,17,3
/home/shabivps/source/repo/clang-learning/generated-programs/210.c,210.c,210,0,0,27,0,1,21,0,14,0,1,0,0,0,0,0,0,0,2258,13,3
/home/shabivps/source/repo/clang-learning/generated-programs/211.c,211.c,211,0,0,0,0,1,1,0,3,0,0,0,0,0,0,0,0,0,96,11,3
/home/shabivps/source/repo/clang-learning/generated-programs/212.c,212.c,212,1,1,40,0,39,33,6,24,0,2,0,4,0,0,0,0,0,2832,15,3
/home/shabivps/source/repo/clang-learning/generated-programs/213.c,213.c,213,0,2,22,0,13,16,3,40,0,1,2,26,0,0,0,0,0,1350,15,3
/home/shabivps/source/repo/clang-learning/generated-programs/214.c,214.c,214,0,1,35,0,47,29,0,68,0,0,1,77,0,0,0,0,0,2238,17,3
/home/shabivps/source/repo/clang-learning/generated-programs/215.c,215.c,215,0,0,1,0,1,2,0,4,0,0,0,0,0,0,0,0,0,132,11,3
/home/shabivps/source/repo/clang-learning/generated-programs/216.c,216.c,216,4,3,60,0,174,55,3,510,0,5,12,40,0,0,0,0,0,2683,20,3
/home/shabivps/source/repo/clang-learning/generated-programs/217.c,217.c,217,0,0,0,0,1,1,0,3,0,0,0,0,0,0,0,0,0,121,11,3
/home/shabivps/source/repo/clang-learning/generated-programs/218.c,218.c,218,0,1,56,0,28,33,0,25,0,0,0,8,0,0,0,0,0,1948,17,3
/home/shabivps/source/repo/clang-learning/generated-programs/219.c,219.c,219,0,0,0,0,1,1,0,3,0,0,0,0,0,0,0,0,0,127,11,3
/home/shabivps/source/repo/clang-learning/generated-programs/220.c,220.c,220,0,4,127,0,235,85,6,703,0,4,4,187,0,0,0,0,0,4073,21,3
/home/shabivps/source/repo/clang-learning/generated-programs/221.c,221.c,221,0,0,15,0,1,9,0,10,0,0,0,0,0,0,0,0,0,749,13,3
/home/shabivps/source/repo/clang-learning/generated-programs/222.c,222.c,222,0,0,15,0,1,10,0,11,0,0,0,0,0,0,0,0,0,1902,13,3
/home/shabivps/source/repo/clang-learning/generated-programs/223.c,223.c,223,1,1,66,0,195,39,5,612,0,0,2,7,0,0,0,0,0,2734,19,3
/home/shabivps/source/repo/clang-learning/generated-programs/224.c,224.c,224,1,2,21,0,28,12,6,43,0,0,3,36,0,0,0,0,0,936,12,3
/home/shabivps/source/repo/clang-learning/generated-programs/225.c,225.c,225,0,0,15,0,1,21,0,14,0,0,0,0,0,0,0,0,0,1306,11,3
/home/shabivps/source/repo/clang-learning/generated-programs/226.c,226.c,226,0,4,134,0,191,71,1,319,0,2,4,169,0,0,0,0,0,2293,17,3
/home/shabivps/source/repo/clang-learning/generated-programs/227.c,227.c,227,0,0,29,0,1,29,0,16,0,3,0,0,0,0,0,0,0,2317,16,3
/home/shabivps/source/repo/clang-learning/generated-programs/228.c,228.c,228,0,1,18,0,2,20,1,16,0,3,1,1,0,0,0,0,0,1208,14,3
/home/shabivps/source/repo/clang-learning/generated-programs/229.c,229.c,229,1,1,95,0,248,65,2,619,0,3,2,10,0,0,0,0,0,2463,17,3
/home/shabivps/source/repo/clang-learning/generated-programs/230.c,230.c,230,4,1,90,0,401,98,38,609,0,7,7,282,0,0,0,0,0,3747,23,3
/home/shabivps/source/repo/clang-learning/generated-programs/231.c,231.c,231,4,0,84,0,565,65,11,783,0,12,9,126,0,0,0,0,0,3090,21,3
/home/shabivps/source/repo/clang-learning/generated-programs/232.c,232.c,232,3,3,84,0,571,62,20,281,0,2,4,295,0,0,0,0,0,2745,23,3
/home/shabivps/source/repo/clang-learning/generated-programs/233.c,233.c,233,0,3,39,0,52,35,1,158,0,0,2,26,0,0,0,0,0,1799,13,3
/home/shabivps/source/repo/clang-learning/generated-programs/234.c,234.c,234,1,0,41,0,37,39,6,115,0,1,2,3,0,0,0,0,0,1814,17,3
/home/shabivps/source/repo/clang-learning/generated-programs/235.c,235.c,235,0,0,20,0,1,24,0,14,0,0,0,0,0,0,0,0,0,1195,14,3
/home/shabivps/source/repo/clang-learning/generated-programs/236.c,236.c,236,4,0,96,0,964,74,14,1225,0,1,9,99,0,0,0,0,0,3786,21,3
/home/shabivps/source/repo/clang-learning/generated-programs/237.c,237.c,237,0,0,0,0,1,1,0,3,0,0,0,0,0,0,0,0,0,118,11,3
/home/shabivps/source/repo/clang-learning/generated-programs/238.c,238.c,238,0,1,33,0,67,26,1,159,0,3,2,74,0,0,0,0,0,1651,14,3
/home/shabivps/source/repo/clang-learning/generated-programs/239.c,239.c,239,1,1,21,0,49,31,1,120,0,2,3,15,0,0,0,0,0,1719,19,3
/home/shabivps/source/repo/clang-learning/generated-programs/240.c,240.c,240,0,0,4,0,1,3,0,5,0,0,0,0,0,0,0,0,0,164,13,3
/home/shabivps/source/repo/clang-learning/generated-programs/241.c,241.c,241,0,2,26,0,124,18,0,27,0,0,3,73,0,0,0,0,0,1336,17,3
/home/shabivps/source/repo/clang-learning/generated-programs/242.c,242.c,242,2,0,38,0,767,36,8,355,0,3,7,42,0,0,0,0,0,2340,18,3
/home/shabivps/source/repo/clang-learning/generated-programs/243.c,243.c,243,0,0,1,0,1,2,0,4,0,0,0,0,0,0,0,0,0,103,11,3
/home/shabivps/source/repo/clang-learning/generated-programs/244.c,244.c,244,1,2,51,0,499,37,2,163,0,3,5,178,0,0,0,0,0,2263,19,3
/home/shabivps/source/repo/clang-learning/generated-programs/245.c,245.c,245,0,0,3,0,1,2,0,4,0,0,0,0,0,0,0,0,0,139,13,3
/home/shabivps/source/repo/clang-learning/generated-programs/246.c,246.c,246,0,0,0,0,1,1,0,3,0,0,0,0,0,0,0,0,0,129,11,3
/home/shabivps/source/repo/clang-learning/generated-programs/247.c,247.c,247,0,3,31,0,29,40,1,60,0,2,4,22,0,0,0,0,0,2094,14,3
/home/shabivps/source/repo/clang-learning/generated-programs/248.c,248.c,248,4,0,95,0,287,69,19,636,0,4,2,37,0,0,0,0,0,3264,20,3
/home/shabivps/source/repo/clang-learning/generated-programs/249.c,249.c,249,0,0,22,0,1,13,0,14,0,0,0,0,0,0,0,0,0,854,13,3
/home/shabivps/source/repo/clang-learning/generated-programs/250.c,250.c,250,0,2,74,0,147,73,8,149,0,8,4,150,0,0,0,0,0,3633,21,3
/home/shabivps/source/repo/clang-learning/generated-programs/251.c,251.c,251,0,0,2,0,1,2,0,4,0,0,0,0,0,0,0,0,0,125,11,3
/home/shabivps/source/repo/clang-learning/generated-programs/252.c,252.c,252,3,0,61,0,215,56,24,342,0,2,4,140,0,0,0,0,0,3295,20,3
/home/shabivps/source/repo/clang-learning/generated-programs/253.c,253.c,253,0,1,11,0,54,15,0,17,0,1,0,22,0,0,0,0,0,882,13,3
/home/shabivps/source/repo/clang-learning/generated-programs/254.c,254.c,254,0,0,25,0,1,25,0,12,0,3,0,0,0,0,0,0,0,1686,15,3
/home/shabivps/source/repo/clang-learning/generated-programs/255.c,255.c,255,0,0,3,0,1,2,0,4,0,0,0,0,0,0,0,0,0,137,13,3
/home/shabivps/source/repo/clang-learning/generated-programs/256.c,256.c,256,1,0,23,0,12,18,2,37,0,2,1,1,0,0,0,0,0,1047,14,3
/home/shabivps/source/repo/clang-learning/generated-programs/257.c,257.c,257,2,2,37,0,32,39,6,147,0,1,2,17,0,0,0,0,0,2046,17,3
/home/shabivps/source/repo/clang-learning/generated-programs/258.c,258.c,258,0,0,32,0,1,26,0,18,0,2,0,0,0,0,0,0,0,1461,13,3
/home/shabivps/source/repo/clang-learning/generated-programs/259.c,259.c,259,1,0,16,0,19,20,0,75,0,2,1,0,0,0,0,0,0,1168,15,3
/home/shabivps/source/repo/clang-learning/generated-programs/260.c,260.c,260,0,0,21,0,1,25,0,14,0,0,0,0,0,0,0,0,0,1517,13,3
/home/shabivps/source/repo/clang-learning/generated-programs/261.c,261.c,261,1,1,40,0,334,28,4,22,0,1,0,96,0,0,0,0,0,1760,14,3
/home/shabivps/source/repo/clang-learning/generated-programs/262.c,262.c,262,0,0,29,0,1,22,0,16,0,1,0,0,0,0,0,0,0,2139,13,3
/home/shabivps/source/repo/clang-learning/generated-programs/263.c,263.c,263,0,1,16,0,7,17,0,16,0,1,0,1,0,0,0,0,0,1245,11,3
/home/shabivps/source/repo/clang-learning/generated-programs/264.c,264.c,264,2,0,40,0,283,42,3,408,0,3,4,81,0,0,0,0,0,1928,18,3
/home/shabivps/source/repo/clang-learning/generated-programs/265.c,265.c,265,0,0,0,0,1,1,0,3,0,0,0,0,0,0,0,0,0,97,11,3
/home/shabivps/source/repo/clang-learning/generated-programs/266.c,266.c,266,3,0,73,0,216,61,18,380,0,5,4,120,0,0,0,0,0,2659,20,3
/home/shabivps/source/repo/clang-learning/generated-programs/267.c,267.c,267,0,2,21,0,242,21,0,61,0,0,3,58,0,0,0,0,0,1293,17,3
/home/shabivps/source/repo/clang-learning/generated-programs/268.c,268.c,268,0,1,49,0,63,29,0,143,0,2,1,17,0,0,0,0,0,1732,17,3
/home/shabivps/source/repo/clang-learning/generated-programs/269.c,269.c,269,1,0,41,0,11,29,3,27,0,2,0,12,0,0,0,0,0,2482,13,3
/home/shabivps/source/repo/clang-learning/generated-programs/270.c,270.c,270,0,0,0,0,1,1,0,3,0,0,0,0,0,0,0,0,0,98,11,3
/home/shabivps/source/repo/clang-learning/generated-programs/271.c,271.c,271,1,0,47,0,351,41,1,248,0,1,3,118,0,0,0,0,0,2695,17,3
/home/shabivps/source/repo/clang-learning/generated-programs/272.c,272.c,272,0,1,25,0,240,13,6,14,0,0,0,6,0,0,0,0,0,1846,14,3
/home/shabivps/source/repo/clang-learning/generated-programs/273.c,273.c,273,1,6,45,0,177,30,19,112,0,2,9,149,0,0,0,0,0,1596,21,3
/home/shabivps/source/repo/clang-learning/generated-programs/274.c,274.c,274,0,1,22,0,17,25,0,21,0,0,0,23,0,0,0,0,0,1612,16,3
/home/shabivps/source/repo/clang-learning/generated-programs/275.c,275.c,275,0,0,12,0,1,15,0,9,0,1,0,0,0,0,0,0,0,1563,18,3
/home/shabivps/source/repo/clang-learning/generated-programs/276.c,276.c,276,0,0,22,0,1,23,0,16,0,0,0,0,0,0,0,0,0,1564,13,3
/home/shabivps/source/repo/clang-learning/generated-programs/277.c,277.c,277,2,2,73,0,292,51,18,480,0,1,6,155,0,0,0,0,0,3111,21,3
/home/shabivps/source/repo/clang-learning/generated-programs/278.c,278.c,278,0,1,9,0,2,8,0,7,0,0,0,28,0,0,0,0,0,866,13,3
/home/shabivps/source/repo/clang-learning/generated-programs/279.c,279.c,279,3,0,118,0,515,123,26,767,0,8,9,65,0,0,0,0,0,4139,23,3
/home/shabivps/source/repo/clang-learning/generated-programs/280.c,280.c,280,0,0,0,0,1,1,0,3,0,0,0,0,0,0,0,0,0,143,11,3
/home/shabivps/source/repo/clang-learning/generated-programs/281.c,281.c,281,3,0,66,0,158,55,23,608,0,2,7,98,0,0,0,0,0,3026,20,3
/home/shabivps/source/repo/clang-learning/generated-programs/282.c,282.c,282,0,0,28,0,1,22,0,17,0,0,0,0,0,0,0,0,0,1606,13,3
/home/shabivps/source/repo/clang-learning/generated-programs/283.c,283.c,283,2,2,59,0,173,49,12,307,0,2,4,164,0,0,0,0,0,2960,19,3
/home/shabivps/source/repo/clang-learning/generated-programs/284.c,284.c,284,0,2,47,0,458,39,3,181,0,3,1,63,0,0,0,0,0,2242,19,3
/home/shabivps/source/repo/clang-learning/generated-programs/285.c,285.c,285,2,0,62,0,66,45,6,139,0,2,1,58,0,0,0,0,0,3017,18,3
/home/shabivps/source/repo/clang-learning/generated-programs/286.c,286.c,286,3,0,61,0,479,45,8,676,0,0,9,148,0,0,0,0,0,2863,22,3
/home/shabivps/source/repo/clang-learning/generated-programs/287.c,287.c,287,0,0,18,0,1,23,0,13,0,1,0,0,0,0,0,0,0,1446,14,3
/home/shabivps/source/repo/clang-learning/generated-programs/288.c,288.c,288,0,4,52,0,117,35,5,212,0,0,7,14,0,0,0,0,0,1734,19,3
/home/shabivps/source/repo/clang-learning/generated-programs/289.c,289.c,289,1,0,5,0,5,7,0,30,0,0,2,2,0,0,0,0,0,1249,13,3
/home/shabivps/source/repo/clang-learning/generated-programs/290.c,290.c,290,2,0,33,0,45,28,1,57,0,0,0,8,0,0,0,0,0,1642,18,3
/home/shabivps/source/repo/clang-learning/generated-programs/291.c,291.c,291,0,2,57,0,7,32,0,113,0,2,3,4,0,0,0,0,0,2525,15,3
/home/shabivps/source/repo/clang-learning/generated-programs/292.c,292.c,292,1,0,24,0,4,38,11,27,0,4,0,94,0,0,0,0,0,2161,19,3
/home/shabivps/source/repo/clang-learning/generated-programs/293.c,293.c,293,1,0,92,0,473,68,9,1350,0,2,1,78,0,0,0,0,0,4004,19,3
/home/shabivps/source/repo/clang-learning/generated-programs/294.c,294.c,294,0,1,30,0,43,24,0,88,0,2,1,4,0,0,0,0,0,1706,20,3
/home/shabivps/source/repo/clang-learning/generated-programs/295.c,295.c,295,0,2,22,0,40,16,0,25,0,1,1,67,0,0,0,0,0,1046,16,3
/home/shabivps/source/repo/clang-learning/generated-programs/296.c,296.c,296,0,0,34,0,1,25,0,21,0,2,0,0,0,0,0,0,0,1994,13,3
/home/shabivps/source/repo/clang-learning/generated-programs/297.c,297.c,297,1,1,21,0,3,17,1,29,0,1,0,5,0,0,0,0,0,1297,15,3
/home/shabivps/source/repo/clang-learning/generated-programs/298.c,298.c,298,2,1,66,0,193,58,11,498,0,2,5,30,0,0,0,0,0,2834,21,3
/home/shabivps/source/repo/clang-learning/generated-programs/299.c,299.c,299,2,0,48,0,197,33,12,176,0,2,2,85,0,0,0,0,0,1585,19,3
/home/shabivps/source/repo/clang-learning/generated-programs/300.c,300.c,300,1,0,26,0,50,25,2,136,0,2,1,3,0,0,0,0,0,1345,19,3
/home/shabivps/source/repo/clang-learning/generated-programs/301.c,301.c,301,1,0,20,0,5,11,5,14,0,1,0,15,0,0,0,0,0,1563,13,3
/home/shabivps/source/repo/clang-learning/generated-programs/302.c,302.c,302,2,2,84,0,419,54,15,508,0,6,8,271,0,0,0,0,0,2876,24,3
/home/shabivps/source/repo/clang-learning/generated-programs/303.c,303.c,303,0,0,2,0,1,2,0,4,0,0,0,0,0,0,0,0,0,133,11,3
/home/shabivps/source/repo/clang-learning/generated-programs/304.c,304.c,304,0,0,0,0,1,1,0,3,0,0,0,0,0,0,0,0,0,105,11,3
/home/shabivps/source/repo/clang-learning/generated-programs/305.c,305.c,305,0,0,28,0,1,24,0,16,0,2,0,0,0,0,0,0,0,1702,13,3
/home/shabivps/source/repo/clang-learning/generated-programs/306.c,306.c,306,0,0,25,0,1,14,0,14,0,1,0,0,0,0,0,0,0,1351,13,3
/home/shabivps/source/repo/clang-learning/generated-programs/307.c,307.c,307,0,0,13,0,1,13,0,11,0,0,0,0,0,0,0,0,0,1392,13,3
/home/shabivps/source/repo/clang-learning/generated-programs/308.c,308.c,308,0,0,15,0,1,27,0,9,0,3,0,0,0,0,0,0,0,1656,15,3
/home/shabivps/source/repo/clang-learning/generated-programs/309.c,309.c,309,0,0,0,0,1,1,0,3,0,0,0,0,0,0,0,0,0,124,11,3
/home/shabivps/source/repo/clang-learning/generated-programs/310.c,310.c,310,1,1,34,0,126,26,1,123,0,3,3,16,0,0,0,0,0,1305,19,3
/home/shabivps/source/repo/clang-learning/generated-programs/311.c,311.c,311,1,0,46,0,137,35,1,130,0,0,1,17,0,0,0,0,0,2011,19,3
/home/shabivps/source/repo/clang-learning/generated-programs/312.c,312.c,312,0,0,0,0,1,1,0,3,0,0,0,0,0,0,0,0,0,97,11,3
/home/shabivps/source/repo/clang-learning/generated-programs/313.c,313.c,313,2,0,41,0,290,57,27,375,0,4,2,47,0,0,0,0,0,3944,22,3
/home/shabivps/source/repo/clang-learning/generated-programs/314.c,314.c,314,0,0,18,0,1,14,0,13,0,0,0,0,0,0,0,0,0,1020,13,3
/home/shabivps/source/repo/clang-learning/generated-programs/315.c,315.c,315,0,0,13,0,1,13,0,11,0,2,0,0,0,0,0,0,0,744,13,3
/home/shabivps/source/repo/clang-learning/generated-programs/316.c,316.c,316,0,2,47,0,41,50,1,30,0,4,1,42,0,0,0,0,0,1920,17,3
/home/shabivps/source/repo/clang-learning/generated-programs/317.c,317.c,317,0,0,0,0,1,1,0,3,0,0,0,0,0,0,0,0,0,96,11,3
/home/shabivps/source/repo/clang-learning/generated-programs/318.c,318.c,318,0,1,37,0,3,31,1,25,0,1,0,16,0,0,0,0,0,1973,15,3
/home/shabivps/source/repo/clang-learning/generated-programs/319.c,319.c,319,1,1,78,0,1112,47,6,629,0,0,7,142,0,0,0,0,0,2373,19,3
/home/shabivps/source/repo/clang-learning/generated-programs/320.c,320.c,320,0,0,26,0,1,17,0,14,0,1,0,0,0,0,0,0,0,1074,13,3
/home/shabivps/source/repo/clang-learning/generated-programs/321.c,321.c,321,0,0,19,0,1,27,0,12,0,1,0,0,0,0,0,0,0,2392,13,3
/home/shabivps/source/repo/clang-learning/generated-programs/322.c,322.c,322,0,1,14,0,4,7,1,20,0,0,1,10,0,0,0,0,0,619,13,3
/home/shabivps/source/repo/clang-learning/generated-programs/323.c,323.c,323,0,0,0,0,1,1,0,3,0,0,0,0,0,0,0,0,0,98,11,3
/home/shabivps/source/repo/clang-learning/generated-programs/324.c,324.c,324,2,2,117,0,288,96,23,436,0,5,5,169,0,0,0,0,0,3058,21,3
/home/shabivps/source/repo/clang-learning/generated-programs/325.c,325.c,325,0,1,28,0,81,20,1,43,0,1,3,14,0,0,0,0,0,1366,17,3
/home/shabivps/source/repo/clang-learning/generated-programs/326.c,326.c,326,0,0,28,0,1,14,0,14,0,1,0,0,0,0,0,0,0,1150,13,3
/home/shabivps/source/repo/clang-learning/generated-programs/327.c,327.c,327,0,0,18,0,1,15,0,14,0,0,0,0,0,0,0,0,0,1265,13,3
/home/shabivps/source/repo/clang-learning/generated-programs/328.c,328.c,328,0,0,21,0,1,11,0,12,0,0,0,0,0,0,0,0,0,1458,13,3
/home/shabivps/source/repo/clang-learning/generated-programs/329.c,329.c,329,0,1,14,0,6,26,6,26,0,0,2,11,0,0,0,0,0,1295,14,3
/home/shabivps/source/repo/clang-learning/generated-programs/330.c,330.c,330,2,3,37,0,64,30,10,148,0,1,3,213,0,0,0,0,0,1614,17,3
/home/shabivps/source/repo/clang-learning/generated-programs/331.c,331.c,331,0,0,25,0,1,11,0,11,0,0,0,0,0,0,0,0,0,1707,13,3
/home/shabivps/source/repo/clang-learning/generated-programs/332.c,332.c,332,1,3,46,0,129,35,0,356,0,0,6,73,0,0,0,0,0,1624,18,3
/home/shabivps/source/repo/clang-learning/generated-programs/333.c,333.c,333,2,2,31,0,86,18,1,213,0,0,10,48,0,0,0,0,0,1311,18,3
/home/shabivps/source/repo/clang-learning/generated-programs/334.c,334.c,334,0,0,0,0,1,1,0,3,0,0,0,0,0,0,0,0,0,146,11,3
/home/shabivps/source/repo/clang-learning/generated-programs/335.c,335.c,335,1,3,32,0,147,31,2,120,0,1,6,157,0,0,0,0,0,1942,20,3
/home/shabivps/source/repo/clang-learning/generated-programs/336.c,336.c,336,0,0,0,0,1,1,0,3,0,0,0,0,0,0,0,0,0,98,11,3
/home/shabivps/source/repo/clang-learning/generated-programs/337.c,337.c,337,0,1,22,0,7,32,0,36,0,3,2,0,0,0,0,0,0,1603,17,3
/home/shabivps/source/repo/clang-learning/generated-programs/338.c,338.c,338,1,2,35,0,670,23,4,137,0,0,3,70,0,0,0,0,0,2222,14,3
/home/shabivps/source/repo/clang-learning/generated-programs/339.c,339.c,339,1,0,69,0,262,40,1,448,0,0,3,29,0,0,0,0,0,1959,18,3
/home/shabivps/source/repo/clang-learning/generated-programs/340.c,340.c,340,0,0,0,0,1,1,0,3,0,0,0,0,0,0,0,0,0,123,11,3
/home/shabivps/source/repo/clang-learning/generated-programs/341.c,341.c,341,4,0,55,0,328,44,16,291,0,3,3,90,0,0,0,0,0,2353,21,3
/home/shabivps/source/repo/clang-learning/generated-programs/342.c,342.c,342,2,0,59,0,271,49,1,105,0,3,1,73,0,0,0,0,0,2639,19,3
/home/shabivps/source/repo/clang-learning/generated-programs/343.c,343.c,343,0,0,0,0,1,1,0,3,0,0,0,0,0,0,0,0,0,98,11,3
/home/shabivps/source/repo/clang-learning/generated-programs/344.c,344.c,344,0,0,8,0,1,14,0,8,0,2,0,0,0,0,0,0,0,1156,12,3
/home/shabivps/source/repo/clang-learning/generated-programs/345.c,345.c,345,1,4,75,0,127,66,5,298,0,4,6,90,0,0,0,0,0,2706,24,3
/home/shabivps/source/repo/clang-learning/generated-programs/346.c,346.c,346,2,2,31,0,60,29,1,209,0,4,12,174,0,0,0,0,0,1394,17,3
/home/shabivps/source/repo/clang-learning/generated-programs/347.c,347.c,347,0,0,0,0,1,1,0,3,0,0,0,0,0,0,0,0,0,98,11,3
/home/shabivps/source/repo/clang-learning/generated-programs/348.c,348.c,348,2,0,34,0,131,22,0,416,0,0,6,38,0,0,0,0,0,1730,19,3
/home/shabivps/source/repo/clang-learning/generated-programs/349.c,349.c,349,0,1,14,0,4,7,0,12,0,0,0,0,0,0,0,0,0,806,13,3
/home/shabivps/source/repo/clang-learning/generated-programs/350.c,350.c,350,0,0,23,0,1,12,0,13,0,0,0,0,0,0,0,0,0,1805,13,3
/home/shabivps/source/repo/clang-learning/generated-programs/351.c,351.c,351,2,2,42,0,361,23,2,126,0,0,3,81,0,0,0,0,0,1721,19,3
/home/shabivps/source/repo/clang-learning/generated-programs/352.c,352.c,352,0,0,17,0,1,16,0,11,0,3,0,0,0,0,0,0,0,1423,13,3
/home/shabivps/source/repo/clang-learning/generated-programs/353.c,353.c,353,0,0,6,0,1,3,0,5,0,0,0,0,0,0,0,0,0,162,13,3
/home/shabivps/source/repo/clang-learning/generated-programs/354.c,354.c,354,2,3,34,0,89,19,1,193,0,0,5,5,0,0,0,0,0,1053,15,3
/home/shabivps/source/repo/clang-learning/generated-programs/355.c,355.c,355,0,2,36,0,41,24,0,99,0,0,2,22,0,0,0,0,0,1452,13,3
/home/shabivps/source/repo/clang-learning/generated-programs/356.c,356.c,356,0,0,27,0,1,24,0,12,0,0,0,0,0,0,0,0,0,1972,14,3
/home/shabivps/source/repo/clang-learning/generated-programs/357.c,357.c,357,0,1,14,0,5,20,0,9,0,2,0,2,0,0,0,0,0,1573,14,3
/home/shabivps/source/repo/clang-learning/generated-programs/358.c,358.c,358,0,1,10,0,45,5,2,15,0,0,0,8,0,0,0,0,0,1236,17,3
/home/shabivps/source/repo/clang-learning/generated-programs/359.c,359.c,359,1,0,44,0,228,37,0,614,0,0,2,19,0,0,0,0,0,3576,21,3
/home/shabivps/source/repo/clang-learning/generated-programs/360.c,360.c,360,2,0,50,0,245,34,1,586,0,1,7,6,0,0,0,0,0,2483,19,3
/home/shabivps/source/repo/clang-learning/generated-programs/361.c,361.c,361,0,3,50,0,113,40,4,77,0,3,3,36,0,0,0,0,0,1966,17,3
/home/shabivps/source/repo/clang-learning/generated-programs/362.c,362.c,362,0,1,22,0,742,19,0,78,0,2,2,130,0,0,0,0,0,1367,17,3
/home/shabivps/source/repo/clang-learning/generated-programs/363.c,363.c,363,1,0,30,0,60,27,0,201,0,0,1,25,0,0,0,0,0,2267,19,3
/home/shabivps/source/repo/clang-learning/generated-programs/364.c,364.c,364,0,3,23,0,20,18,1,27,0,0,0,91,0,0,0,0,0,1819,15,3
/home/shabivps/source/repo/clang-learning/generated-programs/365.c,365.c,365,0,3,10,0,10,12,0,46,0,0,2,8,0,0,0,0,0,1173,13,3
/home/shabivps/source/repo/clang-learning/generated-programs/366.c,366.c,366,0,0,0,0,1,1,0,3,0,0,0,0,0,0,0,0,0,98,11,3
/home/shabivps/source/repo/clang-learning/generated-programs/367.c,367.c,367,1,4,103,0,655,77,36,941,0,1,11,430,0,0,0,0,0,3546,23,3
/home/shabivps/source/repo/clang-learning/generated-programs/368.c,368.c,368,0,0,1,0,1,2,0,4,0,0,0,0,0,0,0,0,0,129,11,3
/home/shabivps/source/repo/clang-learning/generated-programs/369.c,369.c,369,2,0,20,0,29,21,3,91,0,0,1,94,0,0,0,0,0,1386,15,3
/home/shabivps/source/repo/clang-learning/generated-programs/370.c,370.c,370,1,1,68,0,119,74,11,232,0,3,3,31,0,0,0,0,0,3533,21,3
/home/shabivps/source/repo/clang-learning/generated-programs/371.c,371.c,371,0,0,27,0,1,14,0,15,0,0,0,0,0,0,0,0,0,883,13,3
/home/shabivps/source/repo/clang-learning/generated-programs/372.c,372.c,372,2,0,48,0,158,30,1,232,0,0,1,33,0,0,0,0,0,2153,19,3
/home/shabivps/source/repo/clang-learning/generated-programs/373.c,373.c,373,0,0,1,0,1,1,0,3,0,0,0,0,0,0,0,0,0,153,11,3
/home/shabivps/source/repo/clang-learning/generated-programs/374.c,374.c,374,3,0,41,0,344,35,8,270,0,4,4,54,0,0,0,0,0,2114,19,3
/home/shabivps/source/repo/clang-learning/generated-programs/375.c,375.c,375,1,0,36,0,2,24,0,89,0,0,4,4,0,0,0,0,0,1588,16,3
/home/shabivps/source/repo/clang-learning/generated-programs/376.c,376.c,376,0,0,36,0,1,30,0,19,0,1,0,0,0,0,0,0,0,2377,13,3
/home/shabivps/source/repo/clang-learning/generated-programs/377.c,377.c,377,1,2,36,0,32,30,4,79,0,2,3,73,0,0,0,0,0,1766,18,3
/home/shabivps/source/repo/clang-learning/generated-programs/378.c,378.c,378,0,1,29,0,68,23,0,24,0,2,0,15,0,0,0,0,0,1381,13,3
/home/shabivps/source/repo/clang-learning/generated-programs/379.c,379.c,379,0,1,27,0,3,43,2,15,0,3,1,29,0,0,0,0,0,2260,19,3
/home/shabivps/source/repo/clang-learning/generated-programs/380.c,380.c,380,0,1,31,0,7,24,1,53,0,0,3,30,0,0,0,0,0,2336,18,3
/home/shabivps/source/repo/clang-learning/generated-programs/381.c,381.c,381,0,0,33,0,1,23,0,16,0,0,0,0,0,0,0,0,0,1773,13,3
/home/shabivps/source/repo/clang-learning/generated-programs/382.c,382.c,382,0,0,18,0,1,30,0,14,0,2,0,0,0,0,0,0,0,1987,14,3
/home/shabivps/source/repo/clang-learning/generated-programs/383.c,383.c,383,1,0,30,0,364,21,0,80,0,0,4,30,0,0,0,0,0,1492,17,3
/home/shabivps/source/repo/clang-learning/generated-programs/384.c,384.c,384,2,0,25,0,26,12,1,126,0,0,3,0,0,0,0,0,0,1028,19,3
/home/shabivps/source/repo/clang-learning/generated-programs/385.c,385.c,385,4,0,33,0,98,21,5,230,0,3,7,43,0,0,0,0,0,1115,19,3
/home/shabivps/source/repo/clang-learning/generated-programs/386.c,386.c,386,0,0,26,0,1,23,0,19,0,1,0,0,0,0,0,0,0,2128,13,3
/home/shabivps/source/repo/clang-learning/generated-programs/387.c,387.c,387,0,1,11,0,1,13,0,10,0,1,1,0,0,0,0,0,0,722,13,3
/home/shabivps/source/repo/clang-learning/generated-programs/388.c,388.c,388,2,1,19,0,176,12,0,180,0,2,5,25,0,0,0,0,0,1251,17,3
/home/shabivps/source/repo/clang-learning/generated-programs/389.c,389.c,389,0,0,19,0,1,16,0,15,0,0,0,0,0,0,0,0,0,978,13,3
/home/shabivps/source/repo/clang-learning/generated-programs/390.c,390.c,390,0,1,15,0,7,21,0,15,0,0,0,67,0,0,0,0,0,1628,13,3
/home/shabivps/source/repo/clang-learning/generated-programs/391.c,391.c,391,0,0,0,0,1,1,0,3,0,0,0,0,0,0,0,0,0,98,11,3
/home/shabivps/source/repo/clang-learning/generated-programs/392.c,392.c,392,0,0,26,0,1,28,0,16,0,0,0,0,0,0,0,0,0,1957,13,3
/home/shabivps/source/repo/clang-learning/generated-programs/393.c,393.c,393,0,2,29,0,488,17,0,168,0,0,3,118,0,0,0,0,0,1402,17,3
/home/shabivps/source/repo/clang-learning/generated-programs/394.c,394.c,394,0,1,44,0,15,32,0,35,0,2,0,296,0,0,0,0,0,2049,17,3
/home/shabivps/source/repo/clang-learning/generated-programs/395.c,395.c,395,2,1,90,0,281,76,6,345,0,6,2,300,0,0,0,0,0,2457,19,3
/home/shabivps/source/repo/clang-learning/generated-programs/396.c,396.c,396,0,0,2,0,1,2,0,4,0,0,0,0,0,0,0,0,0,133,11,3
/home/shabivps/source/repo/clang-learning/generated-programs/397.c,397.c,397,3,1,42,0,247,24,0,304,0,0,5,84,0,0,0,0,0,1273,17,3
/home/shabivps/source/repo/clang-learning/generated-programs/398.c,398.c,398,1,0,33,0,110,24,2,450,0,0,5,9,0,0,0,0,0,1808,15,3
/home/shabivps/source/repo/clang-learning/generated-programs/399.c,399.c,399,0,3,45,0,128,33,2,173,0,2,3,33,0,0,0,0,0,1663,17,3
/home/shabivps/source/repo/clang-learning/generated-programs/400.c,400.c,400,1,1,18,0,294,24,5,74,0,1,2,43,0,0,0,0,0,1447,20,3
/home/shabivps/source/repo/clang-learning/generated-programs/401.c,401.c,401,1,0,25,0,6,21,2,18,0,0,0,9,0,0,0,0,0,1422,13,3
/home/shabivps/source/repo/clang-learning/generated-programs/402.c,402.c,402,0,0,0,0,1,1,0,3,0,0,0,0,0,0,0,0,0,97,11,3
/home/shabivps/source/repo/clang-learning/generated-programs/403.c,403.c,403,0,0,1,0,1,2,0,4,0,0,0,0,0,0,0,0,0,136,11,3
/home/shabivps/source/repo/clang-learning/generated-programs/404.c,404.c,404,1,0,34,0,38,23,2,87,0,0,1,2,0,0,0,0,0,1450,17,3
/home/shabivps/source/repo/clang-learning/generated-programs/405.c,405.c,405,1,4,36,0,46,29,4,124,0,0,8,46,0,0,0,0,0,1230,17,3
/home/shabivps/source/repo/clang-learning/generated-programs/406.c,406.c,406,0,10,88,0,202,54,15,257,0,1,9,184,0,0,0,0,0,2349,17,3
/home/shabivps/source/repo/clang-learning/generated-programs/407.c,407.c,407,0,0,34,0,1,18,0,17,0,0,0,0,0,0,0,0,0,1463,13,3
/home/shabivps/source/repo/clang-learning/generated-programs/408.c,408.c,408,1,1,37,0,32,51,9,84,0,3,5,49,0,0,0,0,0,2093,21,3
/home/shabivps/source/repo/clang-learning/generated-programs/409.c,409.c,409,0,5,86,0,610,58,7,245,0,3,3,207,0,0,0,0,0,2115,23,3
/home/shabivps/source/repo/clang-learning/generated-programs/410.c,410.c,410,1,2,42,0,104,26,2,195,0,0,1,63,0,0,0,0,0,1295,17,3
/home/shabivps/source/repo/clang-learning/generated-programs/411.c,411.c,411,1,0,21,0,45,15,2,231,0,2,4,20,0,0,0,0,0,1731,13,3
/home/shabivps/source/repo/clang-learning/generated-programs/412.c,412.c,412,0,0,13,0,1,12,0,10,0,0,0,0,0,0,0,0,0,865,13,3
/home/shabivps/source/repo/clang-learning/generated-programs/413.c,413.c,413,0,0,0,0,1,1,0,3,0,0,0,0,0,0,0,0,0,122,11,3
/home/shabivps/source/repo/clang-learning/generated-programs/414.c,414.c,414,1,4,67,0,329,88,15,209,0,8,3,205,0,0,0,0,0,3405,20,3
/home/shabivps/source/repo/clang-learning/generated-programs/415.c,415.c,415,0,2,38,0,8,46,1,22,0,6,3,9,0,0,0,0,0,3015,17,3
/home/shabivps/source/repo/clang-learning/generated-programs/416.c,416.c,416,0,0,45,0,1,48,0,22,0,4,0,0,0,0,0,0,0,3138,16,3
/home/shabivps/source/repo/clang-learning/generated-programs/417.c,417.c,417,0,0,24,0,1,15,0,17,0,0,0,0,0,0,0,0,0,739,13,3
/home/shabivps/source/repo/clang-learning/generated-programs/418.c,418.c,418,0,1,39,0,34,37,0,100,0,1,2,22,0,0,0,0,0,2963,13,3
/home/shabivps/source/repo/clang-learning/generated-programs/419.c,419.c,419,1,5,34,0,375,20,3,135,0,0,4,47,0,0,0,0,0,1476,19,3
/home/shabivps/source/repo/clang-learning/generated-programs/420.c,420.c,420,4,0,63,0,1046,64,30,512,0,2,9,230,0,0,0,0,0,2939,25,3
/home/shabivps/source/repo/clang-learning/generated-programs/421.c,421.c,421,0,0,28,0,1,31,0,17,0,0,0,0,0,0,0,0,0,2519,15,3
/home/shabivps/source/repo/clang-learning/generated-programs/422.c,422.c,422,4,1,36,0,260,40,12,430,0,3,8,50,0,0,0,0,0,2369,23,3
/home/shabivps/source/repo/clang-learning/generated-programs/423.c,423.c,423,0,0,0,0,1,1,0,3,0,0,0,0,0,0,0,0,0,123,11,3
/home/shabivps/source/repo/clang-learning/generated-programs/424.c,424.c,424,0,0,6,0,1,17,0,6,0,2,0,0,0,0,0,0,0,1242,14,3
/home/shabivps/source/repo/clang-learning/generated-programs/425.c,425.c,425,0,0,35,0,1,25,0,21,0,1,0,0,0,0,0,0,0,1603,13,3
/home/shabivps/source/repo/clang-learning/generated-programs/426.c,426.c,426,0,0,13,0,1,8,0,10,0,0,0,0,0,0,0,0,0,527,13,3
/home/shabivps/source/repo/clang-learning/generated-programs/427.c,427.c,427,6,0,188,0,933,111,19,1792,0,3,10,203,0,0,0,0,0,4660,25,3
/home/shabivps/source/repo/clang-learning/generated-programs/428.c,428.c,428,0,0,31,0,1,23,0,14,0,1,0,0,0,0,0,0,0,2252,16,3
/home/shabivps/source/repo/clang-learning/generated-programs/429.c,429.c,429,2,1,41,0,99,36,27,126,0,2,4,41,0,0,0,0,0,1435,22,3
/home/shabivps/source/repo/clang-learning/generated-programs/430.c,430.c,430,0,0,0,0,1,1,0,3,0,0,0,0,0,0,0,0,0,140,11,3
/home/shabivps/source/repo/clang-learning/generated-programs/431.c,431.c,431,1,0,23,0,2,22,3,20,0,1,0,3,0,0,0,0,0,2266,13,3
/home/shabivps/source/repo/clang-learning/generated-programs/432.c,432.c,432,3,4,42,0,296,26,1,280,0,0,9,152,0,0,0,0,0,1727,19,3
/home/shabivps/source/repo/clang-learning/generated-programs/433.c,433.c,433,1,3,53,0,133,50,21,147,0,1,4,152,0,0,0,0,0,2013,22,3
/home/shabivps/source/repo/clang-learning/generated-programs/434.c,434.c,434,0,1,1,0,1,2,0,7,0,0,1,0,0,0,0,0,0,136,11,3
/home/shabivps/source/repo/clang-learning/generated-programs/435.c,435.c,435,0,2,39,0,19,41,10,45,0,2,3,94,0,0,0,0,0,2959,25,3
/home/shabivps/source/repo/clang-learning/generated-programs/436.c,436.c,436,2,0,16,0,19,14,3,33,0,0,0,24,0,0,0,0,0,974,17,3
/home/shabivps/source/repo/clang-learning/generated-programs/437.c,437.c,437,0,1,28,0,583,38,2,15,0,3,0,77,0,0,0,0,0,2052,20,3
/home/shabivps/source/repo/clang-learning/generated-programs/438.c,438.c,438,1,0,13,0,1,9,0,18,0,0,0,0,0,0,0,0,0,805,13,3
/home/shabivps/source/repo/clang-learning/generated-programs/439.c,439.c,439,0,0,10,0,1,11,0,8,0,1,0,0,0,0,0,0,0,1067,13,3
/home/shabivps/source/repo/clang-learning/generated-programs/440.c,440.c,440,0,0,28,0,1,19,0,17,0,0,0,0,0,0,0,0,0,1105,13,3
/home/shabivps/source/repo/clang-learning/generated-programs/441.c,441.c,441,0,0,0,0,1,1,0,3,0,0,0,0,0,0,0,0,0,96,11,3
/home/shabivps/source/repo/clang-learning/generated-programs/442.c,442.c,442,0,0,2,0,1,2,0,4,0,0,0,0,0,0,0,0,0,107,11,3
/home/shabivps/source/repo/clang-learning/generated-programs/443.c,443.c,443,0,1,19,0,28,14,1,48,0,1,1,0,0,0,0,0,0,1173,17,3
/home/shabivps/source/repo/clang-learning/generated-programs/444.c,444.c,444,1,1,24,0,104,26,6,190,0,2,3,29,0,0,0,0,0,1533,18,3
/home/shabivps/source/repo/clang-learning/generated-programs/445.c,445.c,445,0,0,28,0,1,31,0,15,0,1,0,0,0,0,0,0,0,1465,16,3
/home/shabivps/source/repo/clang-learning/generated-programs/446.c,446.c,446,0,1,41,0,398,39,0,136,0,1,2,62,0,0,0,0,0,2393,17,3
/home/shabivps/source/repo/clang-learning/generated-programs/447.c,447.c,447,2,0,73,0,437,54,4,734,0,0,4,126,0,0,0,0,0,2490,19,3
/home/shabivps/source/repo/clang-learning/generated-programs/448.c,448.c,448,0,0,34,0,1,36,0,18,0,0,0,0,0,0,0,0,0,2893,17,3
/home/shabivps/source/repo/clang-learning/generated-programs/449.c,449.c,449,0,0,0,0,1,1,0,3,0,0,0,0,0,0,0,0,0,121,11,3
/home/shabivps/source/repo/clang-learning/generated-programs/450.c,450.c,450,1,1,109,0,69,64,12,176,0,1,2,16,0,0,0,0,0,2066,25,3
/home/shabivps/source/repo/clang-learning/generated-programs/451.c,451.c,451,1,0,30,0,381,38,1,41,0,0,0,100,0,0,0,0,0,3159,23,3
/home/shabivps/source/repo/clang-learning/generated-programs/452.c,452.c,452,0,1,17,0,2,19,1,21,0,1,1,0,0,0,0,0,0,1247,15,3
/home/shabivps/source/repo/clang-learning/generated-programs/453.c,453.c,453,1,0,56,0,392,33,8,293,0,3,2,100,0,0,0,0,0,2498,19,3
/home/shabivps/source/repo/clang-learning/generated-programs/454.c,454.c,454,1,1,30,0,736,27,2,74,0,2,1,244,0,0,0,0,0,1637,20,3
/home/shabivps/source/repo/clang-learning/generated-programs/455.c,455.c,455,1,0,35,0,17,31,0,88,0,1,1,8,0,0,0,0,0,1221,16,3
/home/shabivps/source/repo/clang-learning/generated-programs/456.c,456.c,456,2,0,25,0,81,18,2,96,0,0,1,32,0,0,0,0,0,1319,13,3
/home/shabivps/source/repo/clang-learning/generated-programs/457.c,457.c,457,0,0,20,0,1,17,0,13,0,1,0,0,0,0,0,0,0,1850,13,3
/home/shabivps/source/repo/clang-learning/generated-programs/458.c,458.c,458,1,1,22,0,130,15,0,43,0,0,4,44,0,0,0,0,0,808,17,3
/home/shabivps/source/repo/clang-learning/generated-programs/459.c,459.c,459,1,0,30,0,20,30,1,153,0,0,2,3,0,0,0,0,0,1907,15,3
/home/shabivps/source/repo/clang-learning/generated-programs/460.c,460.c,460,0,1,54,0,173,54,0,67,0,1,1,98,0,0,0,0,0,2628,17,3
/home/shabivps/source/repo/clang-learning/generated-programs/461.c,461.c,461,2,0,24,0,22,15,0,147,0,0,4,1,0,0,0,0,0,1256,17,3
/home/shabivps/source/repo/clang-learning/generated-programs/462.c,462.c,462,0,0,0,0,1,1,0,3,0,0,0,0,0,0,0,0,0,129,11,3
/home/shabivps/source/repo/clang-learning/generated-programs/463.c,463.c,463,0,3,23,0,5,15,0,59,0,0,3,2,0,0,0,0,0,1054,19,3
/home/shabivps/source/repo/clang-learning/generated-programs/464.c,464.c,464,5,0,84,0,1016,62,8,1690,0,1,13,144,0,0,0,0,0,3552,20,3
/home/shabivps/source/repo/clang-learning/generated-programs/465.c,465.c,465,2,1,43,0,173,39,4,161,0,3,5,247,0,0,0,0,0,2487,19,3
/home/shabivps/source/repo/clang-learning/generated-programs/466.c,466.c,466,0,0,33,0,1,22,0,22,0,0,0,0,0,0,0,0,0,947,13,3
/home/shabivps/source/repo/clang-learning/generated-programs/467.c,467.c,467,3,9,144,0,681,81,11,678,0,1,14,180,0,0,0,0,0,2850,19,3
/home/shabivps/source/repo/clang-learning/generated-programs/468.c,468.c,468,1,3,28,0,89,20,2,31,0,2,1,124,0,0,0,0,0,1682,17,3
/home/shabivps/source/repo/clang-learning/generated-programs/469.c,469.c,469,5,2,108,0,716,72,36,522,0,2,6,402,0,0,0,0,0,4058,23,3
/home/shabivps/source/repo/clang-learning/generated-programs/470.c,470.c,470,0,1,22,0,16,15,1,17,0,1,0,60,0,0,0,0,0,1396,14,3
/home/shabivps/source/repo/clang-learning/generated-programs/471.c,471.c,471,0,0,30,0,1,34,0,15,0,1,0,0,0,0,0,0,0,2084,14,3
/home/shabivps/source/repo/clang-learning/generated-programs/472.c,472.c,472,0,1,36,0,6,31,3,23,0,2,0,21,0,0,0,0,0,1800,13,3
/home/shabivps/source/repo/clang-learning/generated-programs/473.c,473.c,473,1,0,24,0,36,13,1,160,0,0,1,15,0,0,0,0,0,1153,19,3
/home/shabivps/source/repo/clang-learning/generated-programs/474.c,474.c,474,0,3,17,0,18,17,9,30,0,2,1,92,0,0,0,0,0,1564,16,3
/home/shabivps/source/repo/clang-learning/generated-programs/475.c,475.c,475,0,1,28,0,2,30,0,16,0,3,3,2,0,0,0,0,0,1383,13,3
/home/shabivps/source/repo/clang-learning/generated-programs/476.c,476.c,476,1,0,33,0,11,25,0,79,0,1,1,1,0,0,0,0,0,1664,13,3
/home/shabivps/source/repo/clang-learning/generated-programs/477.c,477.c,477,0,0,16,0,1,25,0,13,0,1,0,0,0,0,0,0,0,1287,15,3
/home/shabivps/source/repo/clang-learning/generated-programs/478.c,478.c,478,1,0,9,0,1,12,0,10,0,0,0,0,0,0,0,0,0,1042,11,3
/home/shabivps/source/repo/clang-learning/generated-programs/479.c,479.c,479,0,0,31,0,1,22,0,18,0,0,0,0,0,0,0,0,0,1723,13,3
/home/shabivps/source/repo/clang-learning/generated-programs/480.c,480.c,480,1,0,72,0,65,62,0,216,0,2,3,2,0,0,0,0,0,3449,18,3
/home/shabivps/source/repo/clang-learning/generated-programs/481.c,481.c,481,2,0,43,0,56,23,1,189,0,0,6,41,0,0,0,0,0,1225,14,3
/home/shabivps/source/repo/clang-learning/generated-programs/482.c,482.c,482,1,2,49,0,95,49,12,115,0,7,3,80,0,0,0,0,0,2284,20,3
/home/shabivps/source/repo/clang-learning/generated-programs/483.c,483.c,483,0,0,16,0,1,13,0,9,0,0,0,0,0,0,0,0,0,1431,13,3
/home/shabivps/source/repo/clang-learning/generated-programs/484.c,484.c,484,0,2,36,0,24,25,2,38,0,0,2,104,0,0,0,0,0,2050,17,3
/home/shabivps/source/repo/clang-learning/generated-programs/485.c,485.c,485,0,0,0,0,1,1,0,3,0,0,0,0,0,0,0,0,0,123,11,3
/home/shabivps/source/repo/clang-learning/generated-programs/486.c,486.c,486,0,1,30,0,114,18,0,117,0,2,2,28,0,0,0,0,0,1045,17,3
/home/shabivps/source/repo/clang-learning/generated-programs/487.c,487.c,487,2,0,49,0,211,28,3,300,0,0,1,157,0,0,0,0,0,1978,18,3
/home/shabivps/source/repo/clang-learning/generated-programs/488.c,488.c,488,1,1,27,0,121,17,3,91,0,0,1,26,0,0,0,0,0,2347,15,3
/home/shabivps/source/repo/clang-learning/generated-programs/489.c,489.c,489,0,0,22,0,1,30,0,12,0,3,0,0,0,0,0,0,0,2531,16,3
/home/shabivps/source/repo/clang-learning/generated-programs/490.c,490.c,490,0,0,16,0,1,15,0,12,0,0,0,0,0,0,0,0,0,1030,13,3
/home/shabivps/source/repo/clang-learning/generated-programs/491.c,491.c,491,0,0,0,0,1,1,0,3,0,0,0,0,0,0,0,0,0,117,11,3
/home/shabivps/source/repo/clang-learning/generated-programs/492.c,492.c,492,1,1,44,0,66,26,1,143,0,0,3,34,0,0,0,0,0,1888,18,3
/home/shabivps/source/repo/clang-learning/generated-programs/493.c,493.c,493,0,0,3,0,1,2,0,4,0,0,0,0,0,0,0,0,0,136,13,3
/home/shabivps/source/repo/clang-learning/generated-programs/494.c,494.c,494,0,0,25,0,1,23,0,14,0,1,0,0,0,0,0,0,0,1777,14,3
/home/shabivps/source/repo/clang-learning/generated-programs/495.c,495.c,495,2,3,55,0,290,47,1,201,0,3,7,64,0,0,0,0,0,1926,20,3
/home/shabivps/source/repo/clang-learning/generated-programs/496.c,496.c,496,1,2,67,0,175,64,5,318,0,5,3,96,0,0,0,0,0,3063,26,3
/home/shabivps/source/repo/clang-learning/generated-programs/497.c,497.c,497,1,0,19,0,6,16,8,14,0,1,0,0,0,0,0,0,0,1428,15,3
/home/shabivps/source/repo/clang-learning/generated-programs/498.c,498.c,498,1,1,82,0,370,61,5,887,0,2,3,84,0,0,0,0,0,3066,19,3
/home/shabivps/source/repo/clang-learning/generated-programs/499.c,499.c,499,3,0,33,0,174,27,4,333,0,0,7,70,0,0,0,0,0,1801,23,3
